CREATE DATABASE QLBH
USE QLBH

------- TAO TABLE --------
CREATE TABLE KHACHHANG(
	MAKH char(4) NOT NULL
	, HOTEN varchar(40)
	, DCHI varchar(50)
	, SODT varchar(20)
	, NGSINH smalldatetime
	, DOANHSO money
	, NGDK smalldatetime
)
CREATE TABLE NHANVIEN(
	MANV char(4) NOT NULL
	, HOTEN varchar(40)
	, SODT varchar(20)
	, NGVL smalldatetime
)
CREATE TABLE SANPHAM(
	MASP char(4) NOT NULL
	, TENSP varchar(40)
	, DVT varchar(20)
	, NUOCSX varchar(40)
	, GIA money
)
CREATE TABLE HOADON(
	SOHD int NOT NULL
	, NGHD smalldatetime
	, MAKH char(4)
	, MANV char(4)
	, TRIGIA money
)
CREATE TABLE CTHD(
	SOHD int NOT NULL
	, MASP char(4) NOT NULL
	, SL int
)

----- TAO PRIMARY KEY ----------
ALTER TABLE KHACHHANG 
ADD CONSTRAINT PK_KHACHHANG PRIMARY KEY(MAKH)

ALTER TABLE NHANVIEN 
ADD CONSTRAINT PK_NHANVIEN PRIMARY KEY(MANV)

ALTER TABLE SANPHAM 
ADD CONSTRAINT PK_SANPHAM PRIMARY KEY(MASP)

ALTER TABLE HOADON 
ADD CONSTRAINT PK_HOADON PRIMARY KEY(SOHD)

ALTER TABLE CTHD 
ADD CONSTRAINT PK_CTHD PRIMARY KEY(SOHD, MASP)

-------- TAO FOREIGN KEY --------------
ALTER TABLE HOADON 
ADD CONSTRAINT FK_HOADON_KHACHHANG FOREIGN KEY(MAKH) REFERENCES KHACHHANG(MAKH)  

ALTER TABLE HOADON 
ADD CONSTRAINT FK_HOADON_NHANVIEN FOREIGN KEY(MANV) REFERENCES NHANVIEN(MANV)

ALTER TABLE CTHD
ADD CONSTRAINT FK_CTHD_SANPHAM FOREIGN KEY(MASP) REFERENCES SANPHAM(MASP)

ALTER TABLE CTHD
ADD CONSTRAINT FK_CTHD_HOADON FOREIGN KEY(SOHD) REFERENCES HOADON(SOHD)

---- NHAP DU LIEU KHACHHANG ------
SET DATEFORMAT DMY
INSERT INTO KHACHHANG VALUES ('KH01','Nguyen Van A','731 Tran Hung Dao, Q5, TpHCM','08823451','22/10/1960',13060000 ,'22/07/2006')
INSERT INTO KHACHHANG VALUES ('KH02','Tran Ngoc Han','23/5 Nguyen Trai, Q5, TpHCM','0908256478','03/04/1974',280000 ,'30/07/2006')
INSERT INTO KHACHHANG VALUES ('KH03','Tran Ngoc Linh','45 Nguyen Canh Chan, Q1, TpHCM','0938776266','06/12/1980',3860000 ,'05/08/2006')
INSERT INTO KHACHHANG VALUES ('KH04','Tran Minh Long','50/34 Le Dai Hanh, Q10, TpHCM','0917325476','09/03/1965',250000 ,'02/10/2006')
INSERT INTO KHACHHANG VALUES ('KH05','Le Nhat Minh','34 Truong Dinh, Q3, TpHCM','08246108','10/03/1950',21000 ,'28/10/2006')
INSERT INTO KHACHHANG VALUES ('KH06','Le Hoai Thuong','227 Nguyen Van Cu, Q5, TpHCM','08631738','31/12/1981',915000 ,'24/11/2006')
INSERT INTO KHACHHANG VALUES ('KH07','Nguyen Van Tam','32/3 Tran Binh Trong, Q5, TpHCM','0916783565','06/04/1971',12500 ,'01/12/2006')
INSERT INTO KHACHHANG VALUES ('KH08','Phan Thi Thanh','45/2 An Duong Vuong, Q5, TpHCM','0938435756','10/01/1971',365000 ,'13/12/2006')
INSERT INTO KHACHHANG VALUES ('KH09','Le Ha Vinh','873 Le Hong Phong, Q5, TpHCM','08654763','03/09/1979',70000 ,'14/01/2007')
INSERT INTO KHACHHANG VALUES ('KH10','Ha Duy Lap','34/34B Nguyen Trai, Q1, TpHCM','08768904','02/05/1983',67500 ,'16/01/2007')

----- NHAP DU LIEU NHANVIEN --------
SET DATEFORMAT DMY
INSERT INTO NHANVIEN VALUES('NV01','Nguyen Nhu Nhut','0927345678','13/04/2006')
INSERT INTO NHANVIEN VALUES('NV02','Le Thi Phi Yen','0987567390','21/04/2006')
INSERT INTO NHANVIEN VALUES('NV03','Nguyen Van B','0997047382','27/04/2006')
INSERT INTO NHANVIEN VALUES('NV04','Ngo Thanh Tuan','0913758498','24/06/2006')
INSERT INTO NHANVIEN VALUES('NV05','Nguyen Thi Truc Thanh','0918590387','20/07/2006')

------- NHAP DU LIEU SANPHAM -------
INSERT INTO SANPHAM VALUES('BC01','But chi','cay','Singapore',3000)
INSERT INTO SANPHAM VALUES('BC02','But chi','cay','Singapore',5000)
INSERT INTO SANPHAM VALUES('BC03','But chi','cay','Viet Nam',3500)
INSERT INTO SANPHAM VALUES('BC04','But chi','hop','Viet Nam',30000)
INSERT INTO SANPHAM VALUES('BB01','But bi','cay','Viet Nam',5000)
INSERT INTO SANPHAM VALUES('BB02','But bi','cay','Trung Quoc',7000)
INSERT INTO SANPHAM VALUES('BB03','But bi','hop','Thai Lan',100000)
INSERT INTO SANPHAM VALUES('TV01','Tap 100 giay mong','quyen','Trung Quoc',2500)
INSERT INTO SANPHAM VALUES('TV02','Tap 200 giay mong','quyen','Trung Quoc',4500)
INSERT INTO SANPHAM VALUES('TV03','Tap 100 giay tot','quyen','Viet Nam',3000)
INSERT INTO SANPHAM VALUES('TV04','Tap 200 giay tot','quyen','Viet Nam',5500)
INSERT INTO SANPHAM VALUES('TV05','Tap 100 trang','chuc','Viet Nam',23000)
INSERT INTO SANPHAM VALUES('TV06','Tap 200 trang','chuc','Viet Nam',53000)
INSERT INTO SANPHAM VALUES('TV07','Tap 100 trang','chuc','Trung Quoc',34000)
INSERT INTO SANPHAM VALUES('ST01','So tay 500 trang','quyen','Trung Quoc',40000)
INSERT INTO SANPHAM VALUES('ST02','So tay loai 1','quyen','Viet Nam',55000)
INSERT INTO SANPHAM VALUES('ST03','So tay loai 2','quyen','Viet Nam',51000)
INSERT INTO SANPHAM VALUES('ST04','So tay','quyen','Thai Lan',55000)
INSERT INTO SANPHAM VALUES('ST05','So tay mong','quyen','Thai Lan',20000)
INSERT INTO SANPHAM VALUES('ST06','Phan viet bang','hop','Viet Nam',5000)
INSERT INTO SANPHAM VALUES('ST07','Phan khong bui','hop','Viet Nam',7000)
INSERT INTO SANPHAM VALUES('ST08','Bong bang','cai','Viet Nam',1000)
INSERT INTO SANPHAM VALUES('ST09','But long','cay','Viet Nam',5000)
INSERT INTO SANPHAM VALUES('ST10','But long','cay','Trung Quoc',7000)

---------- NHAP DU LIEU HOADON ---------
SET DATEFORMAT DMY
INSERT INTO HOADON VALUES('1001','23/07/2006','KH01','NV01',320000)
INSERT INTO HOADON VALUES('1002','12/08/2006','KH01','NV02',840000)
INSERT INTO HOADON VALUES('1003','23/08/2006','KH02','NV01',100000)
INSERT INTO HOADON VALUES('1004','01/09/2006','KH02','NV01',180000)
INSERT INTO HOADON VALUES('1005','20/10/2006','KH01','NV02',3800000)
INSERT INTO HOADON VALUES('1006','16/10/2006','KH01','NV03',2430000)
INSERT INTO HOADON VALUES('1007','28/10/2006','KH03','NV03',510000)
INSERT INTO HOADON VALUES('1008','28/10/2006','KH01','NV03',440000)
INSERT INTO HOADON VALUES('1009','28/10/2006','KH03','NV04',200000)
INSERT INTO HOADON VALUES('1010','01/11/2006','KH01','NV01',5200000)
INSERT INTO HOADON VALUES('1011','04/11/2006','KH04','NV03',250000)
INSERT INTO HOADON VALUES('1012','30/11/2006','KH05','NV03',21000)
INSERT INTO HOADON VALUES('1013','12/12/2006','KH06','NV01',5000)
INSERT INTO HOADON VALUES('1014','31/12/2006','KH03','NV02',3150000)
INSERT INTO HOADON VALUES('1015','01/01/2007','KH06','NV01',910000)
INSERT INTO HOADON VALUES('1016','01/01/2007','KH07','NV02',12500)
INSERT INTO HOADON VALUES('1017','02/01/2007','KH08','NV03',35000)
INSERT INTO HOADON VALUES('1018','13/01/2007','KH08','NV03',330000)
INSERT INTO HOADON VALUES('1019','13/01/2007','KH01','NV03',30000)
INSERT INTO HOADON VALUES('1020','14/01/2007','KH09','NV04',70000)
INSERT INTO HOADON VALUES('1021','16/01/2007','KH10','NV03',67500)
INSERT INTO HOADON VALUES('1022','16/01/2007',Null,'NV03',7000)
INSERT INTO HOADON VALUES('1023','17/01/2007',Null,'NV01',330000)

---------- NHAP DU LIEU CTHD ---------
INSERT INTO CTHD VALUES(1001,'TV02',10)
INSERT INTO CTHD VALUES(1001,'ST01',5)
INSERT INTO CTHD VALUES(1001,'BC01',5)
INSERT INTO CTHD VALUES(1001,'BC02',10)
INSERT INTO CTHD VALUES(1001,'ST08',10)
INSERT INTO CTHD VALUES(1002,'BC04',20)
INSERT INTO CTHD VALUES(1002,'BB01',20)
INSERT INTO CTHD VALUES(1002,'BB02',20)
INSERT INTO CTHD VALUES(1003,'BB03',10)
INSERT INTO CTHD VALUES(1004,'TV01',20)
INSERT INTO CTHD VALUES(1004,'TV02',10)
INSERT INTO CTHD VALUES(1004,'TV03',10)
INSERT INTO CTHD VALUES(1004,'TV04',10)
INSERT INTO CTHD VALUES(1005,'TV05',50)
INSERT INTO CTHD VALUES(1005,'TV06',50)
INSERT INTO CTHD VALUES(1006,'TV07',20)
INSERT INTO CTHD VALUES(1006,'ST01',30)
INSERT INTO CTHD VALUES(1006,'ST02',10)
INSERT INTO CTHD VALUES(1007,'ST03',10)
INSERT INTO CTHD VALUES(1008,'ST04',8)
INSERT INTO CTHD VALUES(1009,'ST05',10)
INSERT INTO CTHD VALUES(1010,'TV07',50)
INSERT INTO CTHD VALUES(1010,'ST07',50)
INSERT INTO CTHD VALUES(1010,'ST08',100)
INSERT INTO CTHD VALUES(1010,'ST04',50)
INSERT INTO CTHD VALUES(1010,'TV03',100)
INSERT INTO CTHD VALUES(1011,'ST06',50)
INSERT INTO CTHD VALUES(1012,'ST07',3)
INSERT INTO CTHD VALUES(1013,'ST08',5)
INSERT INTO CTHD VALUES(1014,'BC02',80)
INSERT INTO CTHD VALUES(1014,'BB02',100)
INSERT INTO CTHD VALUES(1014,'BC04',60)
INSERT INTO CTHD VALUES(1014,'BB01',50)
INSERT INTO CTHD VALUES(1015,'BB02',30)
INSERT INTO CTHD VALUES(1015,'BB03',7)
INSERT INTO CTHD VALUES(1016,'TV01',5)
INSERT INTO CTHD VALUES(1017,'TV02',1)
INSERT INTO CTHD VALUES(1017,'TV03',1)
INSERT INTO CTHD VALUES(1017,'TV04',5)
INSERT INTO CTHD VALUES(1018,'ST04',6)
INSERT INTO CTHD VALUES(1019,'ST05',1)
INSERT INTO CTHD VALUES(1019,'ST06',2)
INSERT INTO CTHD VALUES(1020,'ST07',10)
INSERT INTO CTHD VALUES(1021,'ST08',5)
INSERT INTO CTHD VALUES(1021,'TV01',7)
INSERT INTO CTHD VALUES(1021,'TV02',10)
INSERT INTO CTHD VALUES(1022,'ST07',1)
INSERT INTO CTHD VALUES(1023,'ST04',6)

-- A Ngôn ngữ định nghĩa dữ liệu (Data Definition Language)
-- 1. Thêm vào thuộc tính GHICHU có kiểu dữ liệu varchar(20) cho quan hệ SANPHAM.
ALTER TABLE SANPHAM ADD GHICHU VARCHAR(20)

-- 2. Thêm vào thuộc tính LOAIKH có kiểu dữ liệu là tinyint cho quan hệ KHACHHANG.
ALTER TABLE KHACHHANG ADD LOAIKH TINYINT

-- 3. Sửa kiểu dữ liệu của thuộc tính GHICHU trong quan hệ SANPHAM thành varchar(100).
ALTER TABLE SANPHAM ALTER COLUMN GHICHU VARCHAR(100)

-- 4. Xóa thuộc tính GHICHU trong quan hệ SANPHAM.
ALTER TABLE SANPHAM DROP COLUMN GHICHU

-- 5. Làm thế nào để thuộc tính LOAIKH trong quan hệ KHACHHANG có thể lưu các giá trị là: “Vang lai”, “Thuong xuyen”, “Vip”, …
ALTER TABLE KHACHHANG ALTER COLUMN LOAIKH VARCHAR(20)

-- 6. Đơn vị tính của sản phẩm chỉ có thể là (“cay”,”hop”,”cai”,”quyen”,”chuc”)
ALTER TABLE SANPHAM ADD CONSTRAINT CK_DVT CHECK(DVT in ('cay', 'hop', 'cai', 'quyen', 'chuc'))

-- 7. Giá bán của sản phẩm từ 500 đồng trở lên.
ALTER TABLE SANPHAM ADD CONSTRAINT CK_GIA CHECK(GIA >= 500)

-- 8. Mỗi lần mua hàng, khách hàng phải mua ít nhất 1 sản phẩm.
ALTER TABLE CTHD ADD CONSTRAINT CK_SL CHECK(SL >= 1)

-- 9. Ngày khách hàng đăng ký là khách hàng thành viên phải lớn hơn ngày sinh của người đó.
ALTER TABLE KHACHHANG ADD CONSTRAINT CK_NGDK CHECK(NGDK > NGSINH)

-- B Ngôn ngữ thao tác dữ liệu (Data Manipulation Language)
-- 1. Tạo quan hệ SANPHAM1 chứa toàn bộ dữ liệu của quan hệ SANPHAM. Tạo quan hệ KHACHHANG1 chứa toàn bộ dữ liệu của quan hệ KHACHHANG.
SELECT * INTO SANPHAM1 FROM SANPHAM
SELECT * INTO KHACHHANG1 FROM KHACHHANG

-- 10. Cập nhật giá tăng 5% đối với những sản phẩm do “Thai Lan” sản xuất (cho quan hệ SANPHAM1)
UPDATE SANPHAM1 
SET GIA += GIA * 0.05 
WHERE NUOCSX = 'Thai Lan' 

-- 11. Cập nhật giá giảm 5% đối với những sản phẩm do “Trung Quoc” sản xuất có giá từ 10.000 trở xuống (cho quan hệ SANPHAM1).
UPDATE SANPHAM1 
SET GIA -= GIA * 0.05 
WHERE NUOCSX = 'Trung Quoc' AND GIA <= 10000

/* 12. Cập nhật giá trị LOAIKH là “Vip” đối với những khách hàng đăng ký thành viên trước ngày 1/1/2007 có doanh số từ 
10.000.000 trở lên hoặc khách hàng đăng ký thành viên từ 1/1/2007 trở về sau có doanh số từ 2.000.000 trở lên (cho quan hệ KHACHHANG1) */
UPDATE KHACHHANG1 
SET LOAIKH = 'VIP' 
WHERE (NGDK < '1/1/2007' AND DOANHSO >= 10000000) OR (NGDK > '1/1/2007' AND DOANHSO >= 2000000)

-- C Ngôn ngữ truy vấn dữ liệu
-- 13. In ra danh sách các sản phẩm (MASP,TENSP) do “Trung Quoc” sản xuất.
SELECT MASP, TENSP FROM SANPHAM 
WHERE NUOCSX = 'Trung Quoc'

-- 14. In ra danh sách các sản phẩm (MASP,TENSP) có đơn vị tính là “cay”, ”quyen”.
SELECT MASP, TENSP FROM SANPHAM 
WHERE DVT IN ('cay', 'quyen')

-- 15. In ra danh sách các sản phẩm (MASP,TENSP) có mã sản phẩm bắt đầu là “B” và kết thúc là “01”.
SELECT MASP, TENSP FROM SANPHAM 
WHERE LEFT(MASP, 1) = 'B' AND RIGHT(MASP, 2) = '01'

-- 16. In ra danh sách các sản phẩm (MASP,TENSP) do “Trung Quốc” sản xuất có giá từ 30.000 đến 40.000.
SELECT MASP, TENSP FROM SANPHAM 
WHERE NUOCSX = 'Trung Quoc' AND GIA BETWEEN 30000 AND 40000

-- 17. In ra danh sách các sản phẩm (MASP,TENSP) do “Trung Quoc” hoặc “Thai Lan” sản xuất có giá từ 30.000 đến 40.000.
SELECT MASP,TENSP FROM SANPHAM 
WHERE (NUOCSX IN ('Trung Quoc', ' Thai Lan')) AND (GIA BETWEEN 30000 AND 40000)

-- 18. In ra các số hóa đơn, trị giá hóa đơn bán ra trong ngày 1/1/2007 và ngày 2/1/2007.
SELECT SOHD, TRIGIA FROM HOADON 
WHERE NGHD IN ('1/1/2007', '2/1/2007')

-- 19. In ra các số hóa đơn, trị giá hóa đơn trong tháng 1/2007, sắp xếp theo ngày (tăng dần) và trị giá của hóa đơn (giảm dần).
SELECT SOHD, TRIGIA FROM HOADON 
WHERE YEAR(NGHD) = 2007 AND MONTH(NGHD) = 1 
ORDER BY NGHD ASC, TRIGIA DESC

-- 20. In ra danh sách các khách hàng (MAKH, HOTEN) đã mua hàng trong ngày 1/1/2007.
SELECT HD.MAKH, HOTEN 
FROM HOADON HD INNER JOIN KHACHHANG KH 
ON HD.MAKH = KH.MAKH 
WHERE NGHD = '1/1/2007'

-- 21. In ra số hóa đơn, trị giá các hóa đơn do nhân viên có tên “Nguyen Van B” lập trong ngày 28/10/2006.
SELECT HD.SOHD, TRIGIA 
FROM HOADON HD INNER JOIN NHANVIEN NV 
ON HD.MANV = NV.MANV 
WHERE HOTEN = 'Nguyen Van B' AND NGHD = '28/10/2006'

-- 22. In ra danh sách các sản phẩm (MASP,TENSP) được khách hàng có tên “Nguyen Van A” mua trong tháng 10/2006.
SELECT CT.MASP, TENSP 
FROM CTHD CT INNER JOIN SANPHAM SP 
ON CT.MASP = SP.MASP
WHERE SOHD IN (
	SELECT SOHD 
	FROM HOADON HD INNER JOIN KHACHHANG KH 
	ON HD.MAKH = KH.MAKH
	WHERE HOTEN = 'Nguyen Van A' AND YEAR(NGHD) = 2006 AND MONTH(NGHD) = 10 
)

-- 23. Tìm các số hóa đơn đã mua sản phẩm có mã số “BB01” hoặc “BB02”.
SELECT SOHD FROM CTHD WHERE MASP = 'BB01' 
UNION
SELECT SOHD FROM CTHD WHERE MASP = 'BB02' 

--------------- LAB 3 ------------------
-- 1. In ra danh sách các sản phẩm (MASP,TENSP) do “Trung Quoc” sản xuất không bán được trong năm 2006.
SELECT MASP, TENSP
FROM SANPHAM
WHERE NUOCSX = 'Trung Quoc'
AND MASP NOT IN (
    SELECT DISTINCT MASP
    FROM CTHD CT
    JOIN HOADON HD ON CT.SOHD = HD.SOHD
    WHERE YEAR(NGHD) = 2006
)

-- 2. Có bao nhiêu hóa đơn không phải của khách hàng đăng ký thành viên mua?
SELECT COUNT(*) AS SoHoaDonKhongThanhVien
FROM HOADON
WHERE MAKH IS NULL;

-- 3. Có bao nhiêu sản phẩm khác nhau được bán ra trong năm 2006
SELECT COUNT(DISTINCT MASP) AS SoSanPham
FROM CTHD CT
JOIN HOADON HD ON CT.SOHD = HD.SOHD
WHERE YEAR(NGHD) = 2006;

-- 4. Cho biết trị giá hóa đơn cao nhất, thấp nhất là bao nhiêu?
SELECT MAX(TRIGIA) AS HoaDonCaoNhat, MIN(TRIGIA) AS HoaDonThapNhat
FROM HOADON;

-- 5. Trị giá trung bình của tất cả các hóa đơn được bán ra trong năm 2006 là bao nhiêu?
SELECT AVG(TRIGIA) AS GiaTriTrungBinh
FROM HOADON
WHERE YEAR(NGHD) = 2006;

-- 6. Tính doanh thu bán hàng trong năm 2006.
SELECT SUM(TRIGIA) AS TongDoanhThu
FROM HOADON
WHERE YEAR(NGHD) = 2006;

-- 7. Tìm số hóa đơn có trị giá cao nhất trong năm 2006.
SELECT COUNT(*) AS SoHoaDon
FROM HOADON
WHERE TRIGIA = (
    SELECT MAX(TRIGIA)
    FROM HOADON
    WHERE YEAR(NGHD) = 2006
);

-- 8. Tìm họ tên khách hàng đã mua hóa đơn có trị giá cao nhất trong năm 2006.
SELECT KH.HOTEN
FROM KHACHHANG KH
JOIN HOADON HD ON KH.MAKH = HD.MAKH
WHERE HD.TRIGIA = (
    SELECT MAX(TRIGIA)
    FROM HOADON
    WHERE YEAR(NGHD) = 2006
);

-- 9. In ra danh sách 3 khách hàng đầu tiên (MAKH, HOTEN) sắp xếp theo doanh số giảm dần.
SELECT TOP 3 KH.MAKH, KH.HOTEN, SUM(HD.TRIGIA) AS TongDoanhSo
FROM KHACHHANG KH
JOIN HOADON HD ON KH.MAKH = HD.MAKH
GROUP BY KH.MAKH, KH.HOTEN
ORDER BY TongDoanhSo DESC;

-- 10. In ra danh sách các sản phẩm (MASP, TENSP) có giá bán bằng 1 trong 3 mức giá cao nhất.
SELECT MASP, TENSP
FROM SANPHAM
WHERE GIA IN (
    SELECT DISTINCT TOP 3 GIA
    FROM SANPHAM
    ORDER BY GIA DESC
);

-- 11. In ra danh sách các sản phẩm (MASP, TENSP) do “Thai Lan” sản xuất có giá bằng 1 trong 3 mức giá cao nhất (của tất cả các sản phẩm).
SELECT MASP, TENSP
FROM SANPHAM
WHERE NUOCSX = 'Thai Lan'
AND GIA IN (
    SELECT DISTINCT TOP 3 GIA
    FROM SANPHAM
    ORDER BY GIA DESC
);

-- 12. In ra danh sách các sản phẩm (MASP, TENSP) do “Trung Quoc” sản xuất có giá bằng 1 trong 3 mức giá cao nhất (của sản phẩm do “Trung Quoc” sản xuất).
SELECT MASP, TENSP
FROM SANPHAM
WHERE NUOCSX = 'Trung Quoc'
AND GIA IN (
    SELECT DISTINCT TOP 3 GIA
    FROM SANPHAM
    WHERE NUOCSX = 'Trung Quoc'
    ORDER BY GIA DESC
);

-- 13. In ra danh sách khách hàng nằm trong 3 hạng cao nhất (xếp hạng theo doanh số).
SELECT KH.MAKH, KH.HOTEN, RANK() OVER (ORDER BY SUM(HD.TRIGIA) DESC) AS Hang
FROM KHACHHANG KH
JOIN HOADON HD ON KH.MAKH = HD.MAKH
GROUP BY KH.MAKH, KH.HOTEN
HAVING RANK() <= 3;

-- 14. Tính tổng số sản phẩm do “Trung Quoc” sản xuất.
SELECT COUNT(*) AS TongSoSanPham
FROM SANPHAM
WHERE NUOCSX = 'Trung Quoc';

-- 15. Tính tổng số sản phẩm của từng nước sản xuất.
SELECT NUOCSX, COUNT(*) AS SoSanPham
FROM SANPHAM
GROUP BY NUOCSX;

-- 16. Với từng nước sản xuất, tìm giá bán cao nhất, thấp nhất, trung bình của các sản phẩm.
SELECT NUOCSX, MAX(GIA) AS GiaBanCaoNhat, MIN(GIA) AS GiaBanThapNhat, AVG(GIA) AS GiaBanTrungBinh
FROM SANPHAM
GROUP BY NUOCSX;

-- 17. Tính doanh thu bán hàng mỗi ngày.
SELECT CONVERT(DATE, NGHD) AS Ngay, SUM(TRIGIA) AS DoanhThu
FROM HOADON
GROUP BY CONVERT(DATE, NGHD);

-- 18. Tính tổng số lượng của từng sản phẩm bán ra trong tháng 10/2006.
SELECT MASP, SUM(SL) AS TongSoLuong
FROM CTHD CT
JOIN HOADON HD ON CT.SOHD = HD.SOHD
WHERE MONTH(NGHD) = 10 AND YEAR(NGHD) = 2006
GROUP BY MASP;

-- 19. Tính doanh thu bán hàng của từng tháng trong năm 2006.
SELECT MONTH(NGHD) AS Thang, SUM(TRIGIA) AS DoanhThu
FROM HOADON
WHERE YEAR(NGHD) = 2006
GROUP BY MONTH(NGHD);

-- 20. Tìm hóa đơn có mua ít nhất 4 sản phẩm khác nhau.
SELECT SOHD
FROM CTHD
GROUP BY SOHD
HAVING COUNT(DISTINCT MASP) >= 4;

-- 21. Tìm hóa đơn có mua 3 sản phẩm do “Viet Nam” sản xuất (3 sản phẩm khác nhau).
SELECT SOHD
FROM CTHD CT
JOIN SANPHAM SP ON CT.MASP = SP.MASP
WHERE SP.NUOCSX = 'Viet Nam'
GROUP BY SOHD
HAVING COUNT(DISTINCT SP.MASP) = 3;

-- 22. Tìm khách hàng (MAKH, HOTEN) có số lần mua hàng nhiều nhất.
SELECT TOP 1 KH.MAKH, KH.HOTEN, COUNT(HD.SOHD) AS SoLanMua
FROM KHACHHANG KH
JOIN HOADON HD ON KH.MAKH = HD.MAKH
GROUP BY KH.MAKH, KH.HOTEN
ORDER BY SoLanMua DESC;

-- 23. Tháng mấy trong năm 2006, doanh số bán hàng cao nhất?
SELECT TOP 1 MONTH(NGHD) AS Thang, SUM(TRIGIA) AS DoanhThu
FROM HOADON
WHERE YEAR(NGHD) = 2006
GROUP BY MONTH(NGHD)
ORDER BY DoanhThu DESC;

-- 24. Tìm sản phẩm (MASP, TENSP) có tổng số lượng bán ra thấp nhất trong năm 2006.
SELECT TOP 1 SP.MASP, SP.TENSP, SUM(CT.SL) AS TongSoLuong
FROM SANPHAM SP
JOIN CTHD CT ON SP.MASP = CT.MASP
JOIN HOADON HD ON CT.SOHD = HD.SOHD
WHERE YEAR(NGHD) = 2006
GROUP BY SP.MASP, SP.TENSP
ORDER BY TongSoLuong ASC;

-- 25. *Mỗi nước sản xuất, tìm sản phẩm (MASP,TENSP) có giá bán cao nhất.
SELECT SP.NUOCSX, SP.MASP, SP.TENSP, SP.GIA
FROM SANPHAM SP
WHERE SP.GIA = (
    SELECT MAX(SP2.GIA)
    FROM SANPHAM SP2
    WHERE SP2.NUOCSX = SP.NUOCSX
);

-- 26. Tìm nước sản xuất sản xuất ít nhất 3 sản phẩm có giá bán khác nhau.
SELECT NUOCSX
FROM SANPHAM
GROUP BY NUOCSX
HAVING COUNT(DISTINCT GIA) >= 3;

-- 27. *Trong 10 khách hàng có doanh số cao nhất, tìm khách hàng có số lần mua hàng nhiều nhất.
WITH Top10Customers AS (
    SELECT TOP 10 KH.MAKH, KH.HOTEN, SUM(HD.TRIGIA) AS TongDoanhSo
    FROM KHACHHANG KH
    JOIN HOADON HD ON KH.MAKH = HD.MAKH
    GROUP BY KH.MAKH, KH.HOTEN
    ORDER BY TongDoanhSo DESC
),
CustomerPurchaseCounts AS (
    SELECT KH.MAKH, KH.HOTEN, COUNT(HD.SOHD) AS SoLanMua
    FROM KHACHHANG KH
    JOIN HOADON HD ON KH.MAKH = HD.MAKH
    WHERE KH.MAKH IN (SELECT MAKH FROM Top10Customers)
    GROUP BY KH.MAKH, KH.HOTEN
)
SELECT TOP 1 MAKH, HOTEN, SoLanMua
FROM CustomerPurchaseCounts
ORDER BY SoLanMua DESC;

